,Column 1,Column 2,Column 3,Column 4,Column 5
Column 1,1,,,,
Column 2,0.404142193,1,,,
Column 3,-0.89667531,-0.437460161,1,,
Column 4,-0.911528984,-0.406526826,0.798974889,1,
Column 5,0.963731343,0.351424896,-0.848037791,-0.900371286,1
